1pctCO2,3hr,r1i1p1,166.110.5.230, , , /esgdata/CMIP5/output/LASG-CESS/FGOALS-g2//1pctCO2/3hr/atmos/*/r1i1p1, 0560, 0614
1pctCO2,6hr,r1i1p1,166.110.5.230, , , /esgdata/CMIP5/output/LASG-CESS/FGOALS-g2//1pctCO2/6hr/atmos/*/r1i1p1, 0560, 0614
1pctCO2,day,r1i1p1,166.110.5.230, , , /esgdata/CMIP5/output/LASG-CESS/FGOALS-g2//1pctCO2/day/atmos/*/r1i1p1, 0560, 0614
1pctCO2,fx,r0i0p0,166.110.5.230, , , /esgdata/CMIP5/output/LASG-CESS/FGOALS-g2//1pctCO2/fx/atmos/*/r0i0p0, , 
1pctCO2,mon,r1i1p1,166.110.5.230, , , /esgdata/CMIP5/output/LASG-CESS/FGOALS-g2//1pctCO2/mon/atmos/*/r1i1p1, 0440, 0683
abrupt4xCO2,3hr,r10i1p1,166.110.5.230, , , /esgdata/CMIP5/output/LASG-CESS/FGOALS-g2//abrupt4xCO2/3hr/atmos/*/r10i1p1, 0540, 0545
abrupt4xCO2,3hr,r11i1p1,166.110.5.230, , , /esgdata/CMIP5/output/LASG-CESS/FGOALS-g2//abrupt4xCO2/3hr/atmos/*/r11i1p1, 0550, 0555
abrupt4xCO2,3hr,r12i1p1,166.110.5.230, , , /esgdata/CMIP5/output/LASG-CESS/FGOALS-g2//abrupt4xCO2/3hr/atmos/*/r12i1p1, 0560, 0565
abrupt4xCO2,3hr,r13i1p1,166.110.5.230, , , /esgdata/CMIP5/output/LASG-CESS/FGOALS-g2//abrupt4xCO2/3hr/atmos/*/r13i1p1, 0610, 0615
abrupt4xCO2,3hr,r1i1p1,166.110.5.230, , , /esgdata/CMIP5/output/LASG-CESS/FGOALS-g2//abrupt4xCO2/3hr/atmos/*/r1i1p1, 0610, 0644
abrupt4xCO2,3hr,r2i1p1,166.110.5.230, , , /esgdata/CMIP5/output/LASG-CESS/FGOALS-g2//abrupt4xCO2/3hr/atmos/*/r2i1p1, 0370, 0375
abrupt4xCO2,3hr,r3i1p1,166.110.5.230, , , /esgdata/CMIP5/output/LASG-CESS/FGOALS-g2//abrupt4xCO2/3hr/atmos/*/r3i1p1, 0400, 0405
abrupt4xCO2,3hr,r4i1p1,166.110.5.230, , , /esgdata/CMIP5/output/LASG-CESS/FGOALS-g2//abrupt4xCO2/3hr/atmos/*/r4i1p1, 0440, 0445
abrupt4xCO2,3hr,r5i1p1,166.110.5.230, , , /esgdata/CMIP5/output/LASG-CESS/FGOALS-g2//abrupt4xCO2/3hr/atmos/*/r5i1p1, 0450, 0455
abrupt4xCO2,3hr,r6i1p1,166.110.5.230, , , /esgdata/CMIP5/output/LASG-CESS/FGOALS-g2//abrupt4xCO2/3hr/atmos/*/r6i1p1, 0470, 0475
abrupt4xCO2,3hr,r7i1p1,166.110.5.230, , , /esgdata/CMIP5/output/LASG-CESS/FGOALS-g2//abrupt4xCO2/3hr/atmos/*/r7i1p1, 0490, 0495
abrupt4xCO2,3hr,r8i1p1,166.110.5.230, , , /esgdata/CMIP5/output/LASG-CESS/FGOALS-g2//abrupt4xCO2/3hr/atmos/*/r8i1p1, 0500, 0505
abrupt4xCO2,3hr,r9i1p1,166.110.5.230, , , /esgdata/CMIP5/output/LASG-CESS/FGOALS-g2//abrupt4xCO2/3hr/atmos/*/r9i1p1, 0520, 0525
abrupt4xCO2,6hr,r10i1p1,166.110.5.230, , , /esgdata/CMIP5/output/LASG-CESS/FGOALS-g2//abrupt4xCO2/6hr/atmos/*/r10i1p1, 0540, 0546
abrupt4xCO2,6hr,r11i1p1,166.110.5.230, , , /esgdata/CMIP5/output/LASG-CESS/FGOALS-g2//abrupt4xCO2/6hr/atmos/*/r11i1p1, 0550, 0556
abrupt4xCO2,6hr,r12i1p1,166.110.5.230, , , /esgdata/CMIP5/output/LASG-CESS/FGOALS-g2//abrupt4xCO2/6hr/atmos/*/r12i1p1, 0560, 0566
abrupt4xCO2,6hr,r13i1p1,166.110.5.230, , , /esgdata/CMIP5/output/LASG-CESS/FGOALS-g2//abrupt4xCO2/6hr/atmos/*/r13i1p1, 0610, 0616
abrupt4xCO2,6hr,r1i1p1,166.110.5.230, , , /esgdata/CMIP5/output/LASG-CESS/FGOALS-g2//abrupt4xCO2/6hr/atmos/*/r1i1p1, 0610, 0644
abrupt4xCO2,6hr,r2i1p1,166.110.5.230, , , /esgdata/CMIP5/output/LASG-CESS/FGOALS-g2//abrupt4xCO2/6hr/atmos/*/r2i1p1, 0370, 0376
abrupt4xCO2,6hr,r3i1p1,166.110.5.230, , , /esgdata/CMIP5/output/LASG-CESS/FGOALS-g2//abrupt4xCO2/6hr/atmos/*/r3i1p1, 0400, 0406
abrupt4xCO2,6hr,r4i1p1,166.110.5.230, , , /esgdata/CMIP5/output/LASG-CESS/FGOALS-g2//abrupt4xCO2/6hr/atmos/*/r4i1p1, 0440, 0446
abrupt4xCO2,6hr,r5i1p1,166.110.5.230, , , /esgdata/CMIP5/output/LASG-CESS/FGOALS-g2//abrupt4xCO2/6hr/atmos/*/r5i1p1, 0450, 0456
abrupt4xCO2,6hr,r6i1p1,166.110.5.230, , , /esgdata/CMIP5/output/LASG-CESS/FGOALS-g2//abrupt4xCO2/6hr/atmos/*/r6i1p1, 0470, 0476
abrupt4xCO2,6hr,r7i1p1,166.110.5.230, , , /esgdata/CMIP5/output/LASG-CESS/FGOALS-g2//abrupt4xCO2/6hr/atmos/*/r7i1p1, 0490, 0496
abrupt4xCO2,6hr,r8i1p1,166.110.5.230, , , /esgdata/CMIP5/output/LASG-CESS/FGOALS-g2//abrupt4xCO2/6hr/atmos/*/r8i1p1, 0500, 0506
abrupt4xCO2,6hr,r9i1p1,166.110.5.230, , , /esgdata/CMIP5/output/LASG-CESS/FGOALS-g2//abrupt4xCO2/6hr/atmos/*/r9i1p1, 0520, 0526
abrupt4xCO2,day,r10i1p1,166.110.5.230, , , /esgdata/CMIP5/output/LASG-CESS/FGOALS-g2//abrupt4xCO2/day/atmos/*/r10i1p1, 0540, 0545
abrupt4xCO2,day,r11i1p1,166.110.5.230, , , /esgdata/CMIP5/output/LASG-CESS/FGOALS-g2//abrupt4xCO2/day/atmos/*/r11i1p1, 0550, 0555
abrupt4xCO2,day,r12i1p1,166.110.5.230, , , /esgdata/CMIP5/output/LASG-CESS/FGOALS-g2//abrupt4xCO2/day/atmos/*/r12i1p1, 0560, 0565
abrupt4xCO2,day,r13i1p1,166.110.5.230, , , /esgdata/CMIP5/output/LASG-CESS/FGOALS-g2//abrupt4xCO2/day/atmos/*/r13i1p1, 0610, 0615
abrupt4xCO2,day,r1i1p1,166.110.5.230, , , /esgdata/CMIP5/output/LASG-CESS/FGOALS-g2//abrupt4xCO2/day/atmos/*/r1i1p1, 0610, 0644
abrupt4xCO2,day,r2i1p1,166.110.5.230, , , /esgdata/CMIP5/output/LASG-CESS/FGOALS-g2//abrupt4xCO2/day/atmos/*/r2i1p1, 0370, 0375
abrupt4xCO2,day,r3i1p1,166.110.5.230, , , /esgdata/CMIP5/output/LASG-CESS/FGOALS-g2//abrupt4xCO2/day/atmos/*/r3i1p1, 0400, 0405
abrupt4xCO2,day,r4i1p1,166.110.5.230, , , /esgdata/CMIP5/output/LASG-CESS/FGOALS-g2//abrupt4xCO2/day/atmos/*/r4i1p1, 0440, 0445
abrupt4xCO2,day,r5i1p1,166.110.5.230, , , /esgdata/CMIP5/output/LASG-CESS/FGOALS-g2//abrupt4xCO2/day/atmos/*/r5i1p1, 0450, 0455
abrupt4xCO2,day,r6i1p1,166.110.5.230, , , /esgdata/CMIP5/output/LASG-CESS/FGOALS-g2//abrupt4xCO2/day/atmos/*/r6i1p1, 0470, 0475
abrupt4xCO2,day,r7i1p1,166.110.5.230, , , /esgdata/CMIP5/output/LASG-CESS/FGOALS-g2//abrupt4xCO2/day/atmos/*/r7i1p1, 0490, 0495
abrupt4xCO2,day,r8i1p1,166.110.5.230, , , /esgdata/CMIP5/output/LASG-CESS/FGOALS-g2//abrupt4xCO2/day/atmos/*/r8i1p1, 0500, 0505
abrupt4xCO2,day,r9i1p1,166.110.5.230, , , /esgdata/CMIP5/output/LASG-CESS/FGOALS-g2//abrupt4xCO2/day/atmos/*/r9i1p1, 0520, 0525
abrupt4xCO2,fx,r0i0p0,166.110.5.230, , , /esgdata/CMIP5/output/LASG-CESS/FGOALS-g2//abrupt4xCO2/fx/atmos/*/r0i0p0, , 
abrupt4xCO2,mon,r10i1p1,166.110.5.230, , , /esgdata/CMIP5/output/LASG-CESS/FGOALS-g2//abrupt4xCO2/mon/atmos/*/r10i1p1, 0540, 0545
abrupt4xCO2,mon,r11i1p1,166.110.5.230, , , /esgdata/CMIP5/output/LASG-CESS/FGOALS-g2//abrupt4xCO2/mon/atmos/*/r11i1p1, 0550, 0555
abrupt4xCO2,mon,r12i1p1,166.110.5.230, , , /esgdata/CMIP5/output/LASG-CESS/FGOALS-g2//abrupt4xCO2/mon/atmos/*/r12i1p1, 0560, 0565
abrupt4xCO2,mon,r13i1p1,166.110.5.230, , , /esgdata/CMIP5/output/LASG-CESS/FGOALS-g2//abrupt4xCO2/mon/atmos/*/r13i1p1, 0610, 0615
abrupt4xCO2,mon,r1i1p1,166.110.5.230, , , /esgdata/CMIP5/output/LASG-CESS/FGOALS-g2//abrupt4xCO2/mon/atmos/*/r1i1p1, 0490, 0747
abrupt4xCO2,mon,r2i1p1,166.110.5.230, , , /esgdata/CMIP5/output/LASG-CESS/FGOALS-g2//abrupt4xCO2/mon/atmos/*/r2i1p1, 0370, 0375
abrupt4xCO2,mon,r3i1p1,166.110.5.230, , , /esgdata/CMIP5/output/LASG-CESS/FGOALS-g2//abrupt4xCO2/mon/atmos/*/r3i1p1, 0400, 0405
abrupt4xCO2,mon,r4i1p1,166.110.5.230, , , /esgdata/CMIP5/output/LASG-CESS/FGOALS-g2//abrupt4xCO2/mon/atmos/*/r4i1p1, 0440, 0445
abrupt4xCO2,mon,r5i1p1,166.110.5.230, , , /esgdata/CMIP5/output/LASG-CESS/FGOALS-g2//abrupt4xCO2/mon/atmos/*/r5i1p1, 0450, 0455
abrupt4xCO2,mon,r6i1p1,166.110.5.230, , , /esgdata/CMIP5/output/LASG-CESS/FGOALS-g2//abrupt4xCO2/mon/atmos/*/r6i1p1, 0470, 0475
abrupt4xCO2,mon,r7i1p1,166.110.5.230, , , /esgdata/CMIP5/output/LASG-CESS/FGOALS-g2//abrupt4xCO2/mon/atmos/*/r7i1p1, 0490, 0495
abrupt4xCO2,mon,r8i1p1,166.110.5.230, , , /esgdata/CMIP5/output/LASG-CESS/FGOALS-g2//abrupt4xCO2/mon/atmos/*/r8i1p1, 0500, 0505
abrupt4xCO2,mon,r9i1p1,166.110.5.230, , , /esgdata/CMIP5/output/LASG-CESS/FGOALS-g2//abrupt4xCO2/mon/atmos/*/r9i1p1, 0520, 0525
amip,3hr,r1i1p1,166.110.5.230, , , /esgdata/CMIP5/output/LASG-CESS/FGOALS-g2//amip/3hr/atmos/*/r1i1p1, 1979, 2008
amip,6hr,r1i1p1,166.110.5.230, , , /esgdata/CMIP5/output/LASG-CESS/FGOALS-g2//amip/6hr/atmos/*/r1i1p1, 1979, 2009
amip,day,r1i1p1,166.110.5.230, , , /esgdata/CMIP5/output/LASG-CESS/FGOALS-g2//amip/day/atmos/*/r1i1p1, 1979, 2008
amip,fx,r0i0p0,166.110.5.230, , , /esgdata/CMIP5/output/LASG-CESS/FGOALS-g2//amip/fx/atmos/*/r0i0p0, , 
amip,mon,r1i1p1,166.110.5.230, , , /esgdata/CMIP5/output/LASG-CESS/FGOALS-g2//amip/mon/atmos/*/r1i1p1, 1979, 2009
amip,subhr,r1i1p1,166.110.5.230, , , /esgdata/CMIP5/output/LASG-CESS/FGOALS-g2//amip/subhr/atmos/*/r1i1p1, 1979, 2008
amip4K,3hr,r1i1p1,166.110.5.230, , , /esgdata/CMIP5/output/LASG-CESS/FGOALS-g2//amip4K/3hr/atmos/*/r1i1p1, 1979, 2008
amip4K,6hr,r1i1p1,166.110.5.230, , , /esgdata/CMIP5/output/LASG-CESS/FGOALS-g2//amip4K/6hr/atmos/*/r1i1p1, 1979, 2009
amip4K,day,r1i1p1,166.110.5.230, , , /esgdata/CMIP5/output/LASG-CESS/FGOALS-g2//amip4K/day/atmos/*/r1i1p1, 1979, 2008
amip4K,fx,r0i0p0,166.110.5.230, , , /esgdata/CMIP5/output/LASG-CESS/FGOALS-g2//amip4K/fx/atmos/*/r0i0p0, , 
amip4K,mon,r1i1p1,166.110.5.230, , , /esgdata/CMIP5/output/LASG-CESS/FGOALS-g2//amip4K/mon/atmos/*/r1i1p1, 1979, 2009
amip4xCO2,3hr,r1i1p1,166.110.5.230, , , /esgdata/CMIP5/output/LASG-CESS/FGOALS-g2//amip4xCO2/3hr/atmos/*/r1i1p1, 1979, 2008
amip4xCO2,6hr,r1i1p1,166.110.5.230, , , /esgdata/CMIP5/output/LASG-CESS/FGOALS-g2//amip4xCO2/6hr/atmos/*/r1i1p1, 1979, 2009
amip4xCO2,day,r1i1p1,166.110.5.230, , , /esgdata/CMIP5/output/LASG-CESS/FGOALS-g2//amip4xCO2/day/atmos/*/r1i1p1, 1979, 2008
amip4xCO2,fx,r0i0p0,166.110.5.230, , , /esgdata/CMIP5/output/LASG-CESS/FGOALS-g2//amip4xCO2/fx/atmos/*/r0i0p0, , 
amip4xCO2,mon,r1i1p1,166.110.5.230, , , /esgdata/CMIP5/output/LASG-CESS/FGOALS-g2//amip4xCO2/mon/atmos/*/r1i1p1, 1979, 2009
aqua4K,fx,r0i0p0,166.110.5.230, , , /esgdata/CMIP5/output/LASG-CESS/FGOALS-g2//aqua4K/fx/atmos/*/r0i0p0, , 
aqua4K,mon,r1i1p1,166.110.5.230, , , /esgdata/CMIP5/output/LASG-CESS/FGOALS-g2//aqua4K/mon/atmos/*/r1i1p1, 1979, 1983
aqua4xCO2,fx,r0i0p0,166.110.5.230, , , /esgdata/CMIP5/output/LASG-CESS/FGOALS-g2//aqua4xCO2/fx/atmos/*/r0i0p0, , 
aqua4xCO2,mon,r1i1p1,166.110.5.230, , , /esgdata/CMIP5/output/LASG-CESS/FGOALS-g2//aqua4xCO2/mon/atmos/*/r1i1p1, 1979, 1983
aquaControl,fx,r0i0p0,166.110.5.230, , , /esgdata/CMIP5/output/LASG-CESS/FGOALS-g2//aquaControl/fx/atmos/*/r0i0p0, , 
aquaControl,mon,r1i1p1,166.110.5.230, , , /esgdata/CMIP5/output/LASG-CESS/FGOALS-g2//aquaControl/mon/atmos/*/r1i1p1, 1979, 1983
decadal1960,3hr,r1i1p1,166.110.5.230, , , /esgdata/CMIP5/output/LASG-CESS/FGOALS-g2//decadal1960/3hr/atmos/*/r1i1p1, 1961, 1991
decadal1960,3hr,r2i1p1,166.110.5.230, , , /esgdata/CMIP5/output/LASG-CESS/FGOALS-g2//decadal1960/3hr/atmos/*/r2i1p1, 1960, 1991
decadal1960,3hr,r3i1p1,166.110.5.230, , , /esgdata/CMIP5/output/LASG-CESS/FGOALS-g2//decadal1960/3hr/atmos/*/r3i1p1, 1960, 1990
decadal1960,6hr,r1i1p1,166.110.5.230, , , /esgdata/CMIP5/output/LASG-CESS/FGOALS-g2//decadal1960/6hr/atmos/*/r1i1p1, 1961, 1991
decadal1960,6hr,r2i1p1,166.110.5.230, , , /esgdata/CMIP5/output/LASG-CESS/FGOALS-g2//decadal1960/6hr/atmos/*/r2i1p1, 1960, 1991
decadal1960,6hr,r3i1p1,166.110.5.230, , , /esgdata/CMIP5/output/LASG-CESS/FGOALS-g2//decadal1960/6hr/atmos/*/r3i1p1, 1960, 1991
decadal1960,day,r1i1p1,166.110.5.230, , , /esgdata/CMIP5/output/LASG-CESS/FGOALS-g2//decadal1960/day/atmos/*/r1i1p1, 1961, 1991
decadal1960,day,r2i1p1,166.110.5.230, , , /esgdata/CMIP5/output/LASG-CESS/FGOALS-g2//decadal1960/day/atmos/*/r2i1p1, 1960, 1991
decadal1960,day,r3i1p1,166.110.5.230, , , /esgdata/CMIP5/output/LASG-CESS/FGOALS-g2//decadal1960/day/atmos/*/r3i1p1, 1960, 1990
decadal1960,fx,r0i0p0,166.110.5.230, , , /esgdata/CMIP5/output/LASG-CESS/FGOALS-g2//decadal1960/fx/atmos/*/r0i0p0, , 
decadal1960,mon,r1i1p1,166.110.5.230, , , /esgdata/CMIP5/output/LASG-CESS/FGOALS-g2//decadal1960/mon/atmos/*/r1i1p1, 1961, 1990
decadal1960,mon,r2i1p1,166.110.5.230, , , /esgdata/CMIP5/output/LASG-CESS/FGOALS-g2//decadal1960/mon/atmos/*/r2i1p1, 1961, 1990
decadal1960,mon,r3i1p1,166.110.5.230, , , /esgdata/CMIP5/output/LASG-CESS/FGOALS-g2//decadal1960/mon/atmos/*/r3i1p1, 1961, 1990
decadal1965,3hr,r1i1p1,166.110.5.230, , , /esgdata/CMIP5/output/LASG-CESS/FGOALS-g2//decadal1965/3hr/atmos/*/r1i1p1, 1966, 1976
decadal1965,3hr,r2i1p1,166.110.5.230, , , /esgdata/CMIP5/output/LASG-CESS/FGOALS-g2//decadal1965/3hr/atmos/*/r2i1p1, 1965, 1976
decadal1965,3hr,r3i1p1,166.110.5.230, , , /esgdata/CMIP5/output/LASG-CESS/FGOALS-g2//decadal1965/3hr/atmos/*/r3i1p1, 1965, 1976
decadal1965,6hr,r1i1p1,166.110.5.230, , , /esgdata/CMIP5/output/LASG-CESS/FGOALS-g2//decadal1965/6hr/atmos/*/r1i1p1, 1966, 1976
decadal1965,6hr,r2i1p1,166.110.5.230, , , /esgdata/CMIP5/output/LASG-CESS/FGOALS-g2//decadal1965/6hr/atmos/*/r2i1p1, 1965, 1976
decadal1965,6hr,r3i1p1,166.110.5.230, , , /esgdata/CMIP5/output/LASG-CESS/FGOALS-g2//decadal1965/6hr/atmos/*/r3i1p1, 1965, 1976
decadal1965,day,r1i1p1,166.110.5.230, , , /esgdata/CMIP5/output/LASG-CESS/FGOALS-g2//decadal1965/day/atmos/*/r1i1p1, 1966, 1976
decadal1965,day,r2i1p1,166.110.5.230, , , /esgdata/CMIP5/output/LASG-CESS/FGOALS-g2//decadal1965/day/atmos/*/r2i1p1, 1965, 1976
decadal1965,day,r3i1p1,166.110.5.230, , , /esgdata/CMIP5/output/LASG-CESS/FGOALS-g2//decadal1965/day/atmos/*/r3i1p1, 1965, 1976
decadal1965,fx,r0i0p0,166.110.5.230, , , /esgdata/CMIP5/output/LASG-CESS/FGOALS-g2//decadal1965/fx/atmos/*/r0i0p0, , 
decadal1965,mon,r1i1p1,166.110.5.230, , , /esgdata/CMIP5/output/LASG-CESS/FGOALS-g2//decadal1965/mon/atmos/*/r1i1p1, 1966, 1975
decadal1965,mon,r2i1p1,166.110.5.230, , , /esgdata/CMIP5/output/LASG-CESS/FGOALS-g2//decadal1965/mon/atmos/*/r2i1p1, 1966, 1975
decadal1965,mon,r3i1p1,166.110.5.230, , , /esgdata/CMIP5/output/LASG-CESS/FGOALS-g2//decadal1965/mon/atmos/*/r3i1p1, 1966, 1975
decadal1970,3hr,r1i1p1,166.110.5.230, , , /esgdata/CMIP5/output/LASG-CESS/FGOALS-g2//decadal1970/3hr/atmos/*/r1i1p1, 1971, 1981
decadal1970,3hr,r2i1p1,166.110.5.230, , , /esgdata/CMIP5/output/LASG-CESS/FGOALS-g2//decadal1970/3hr/atmos/*/r2i1p1, 1970, 1981
decadal1970,3hr,r3i1p1,166.110.5.230, , , /esgdata/CMIP5/output/LASG-CESS/FGOALS-g2//decadal1970/3hr/atmos/*/r3i1p1, 1970, 1981
decadal1970,6hr,r1i1p1,166.110.5.230, , , /esgdata/CMIP5/output/LASG-CESS/FGOALS-g2//decadal1970/6hr/atmos/*/r1i1p1, 1971, 1981
decadal1970,6hr,r2i1p1,166.110.5.230, , , /esgdata/CMIP5/output/LASG-CESS/FGOALS-g2//decadal1970/6hr/atmos/*/r2i1p1, 1970, 1981
decadal1970,6hr,r3i1p1,166.110.5.230, , , /esgdata/CMIP5/output/LASG-CESS/FGOALS-g2//decadal1970/6hr/atmos/*/r3i1p1, 1970, 1981
decadal1970,day,r1i1p1,166.110.5.230, , , /esgdata/CMIP5/output/LASG-CESS/FGOALS-g2//decadal1970/day/atmos/*/r1i1p1, 1971, 1981
decadal1970,day,r2i1p1,166.110.5.230, , , /esgdata/CMIP5/output/LASG-CESS/FGOALS-g2//decadal1970/day/atmos/*/r2i1p1, 1970, 1981
decadal1970,day,r3i1p1,166.110.5.230, , , /esgdata/CMIP5/output/LASG-CESS/FGOALS-g2//decadal1970/day/atmos/*/r3i1p1, 1970, 1981
decadal1970,fx,r0i0p0,166.110.5.230, , , /esgdata/CMIP5/output/LASG-CESS/FGOALS-g2//decadal1970/fx/atmos/*/r0i0p0, , 
decadal1970,mon,rsdt,166.110.5.230, , , /esgdata/CMIP5/output/LASG-CESS/FGOALS-g2//decadal1970/mon/atmos/*/rsdt, r1i1, r3i1
decadal1970,mon,rsut,166.110.5.230, , , /esgdata/CMIP5/output/LASG-CESS/FGOALS-g2//decadal1970/mon/atmos/*/rsut, r1i1, r3i1
decadal1970,mon,rsutcs,166.110.5.230, , , /esgdata/CMIP5/output/LASG-CESS/FGOALS-g2//decadal1970/mon/atmos/*/rsutcs, r1i1, r3i1
decadal1975,3hr,r1i1p1,166.110.5.230, , , /esgdata/CMIP5/output/LASG-CESS/FGOALS-g2//decadal1975/3hr/atmos/*/r1i1p1, 1976, 1986
decadal1975,3hr,r2i1p1,166.110.5.230, , , /esgdata/CMIP5/output/LASG-CESS/FGOALS-g2//decadal1975/3hr/atmos/*/r2i1p1, 1975, 1986
decadal1975,3hr,r3i1p1,166.110.5.230, , , /esgdata/CMIP5/output/LASG-CESS/FGOALS-g2//decadal1975/3hr/atmos/*/r3i1p1, 1975, 1986
decadal1975,6hr,r1i1p1,166.110.5.230, , , /esgdata/CMIP5/output/LASG-CESS/FGOALS-g2//decadal1975/6hr/atmos/*/r1i1p1, 1976, 1986
decadal1975,6hr,r2i1p1,166.110.5.230, , , /esgdata/CMIP5/output/LASG-CESS/FGOALS-g2//decadal1975/6hr/atmos/*/r2i1p1, 1975, 1986
decadal1975,6hr,r3i1p1,166.110.5.230, , , /esgdata/CMIP5/output/LASG-CESS/FGOALS-g2//decadal1975/6hr/atmos/*/r3i1p1, 1975, 1986
decadal1975,day,r1i1p1,166.110.5.230, , , /esgdata/CMIP5/output/LASG-CESS/FGOALS-g2//decadal1975/day/atmos/*/r1i1p1, 1976, 1986
decadal1975,day,r2i1p1,166.110.5.230, , , /esgdata/CMIP5/output/LASG-CESS/FGOALS-g2//decadal1975/day/atmos/*/r2i1p1, 1975, 1986
decadal1975,day,r3i1p1,166.110.5.230, , , /esgdata/CMIP5/output/LASG-CESS/FGOALS-g2//decadal1975/day/atmos/*/r3i1p1, 1975, 1986
decadal1975,fx,r0i0p0,166.110.5.230, , , /esgdata/CMIP5/output/LASG-CESS/FGOALS-g2//decadal1975/fx/atmos/*/r0i0p0, , 
decadal1975,mon,r1i1p1,166.110.5.230, , , /esgdata/CMIP5/output/LASG-CESS/FGOALS-g2//decadal1975/mon/atmos/*/r1i1p1, 1976, 1985
decadal1975,mon,r2i1p1,166.110.5.230, , , /esgdata/CMIP5/output/LASG-CESS/FGOALS-g2//decadal1975/mon/atmos/*/r2i1p1, 1976, 1985
decadal1975,mon,r3i1p1,166.110.5.230, , , /esgdata/CMIP5/output/LASG-CESS/FGOALS-g2//decadal1975/mon/atmos/*/r3i1p1, 1976, 1985
decadal1980,3hr,r1i1p1,166.110.5.230, , , /esgdata/CMIP5/output/LASG-CESS/FGOALS-g2//decadal1980/3hr/atmos/*/r1i1p1, 1981, 2011
decadal1980,3hr,r2i1p1,166.110.5.230, , , /esgdata/CMIP5/output/LASG-CESS/FGOALS-g2//decadal1980/3hr/atmos/*/r2i1p1, 1980, 2011
decadal1980,3hr,r3i1p1,166.110.5.230, , , /esgdata/CMIP5/output/LASG-CESS/FGOALS-g2//decadal1980/3hr/atmos/*/r3i1p1, 1980, 2011
decadal1980,6hr,r1i1p1,166.110.5.230, , , /esgdata/CMIP5/output/LASG-CESS/FGOALS-g2//decadal1980/6hr/atmos/*/r1i1p1, 1981, 2011
decadal1980,6hr,r2i1p1,166.110.5.230, , , /esgdata/CMIP5/output/LASG-CESS/FGOALS-g2//decadal1980/6hr/atmos/*/r2i1p1, 1980, 2011
decadal1980,6hr,r3i1p1,166.110.5.230, , , /esgdata/CMIP5/output/LASG-CESS/FGOALS-g2//decadal1980/6hr/atmos/*/r3i1p1, 1980, 2011
decadal1980,day,r1i1p1,166.110.5.230, , , /esgdata/CMIP5/output/LASG-CESS/FGOALS-g2//decadal1980/day/atmos/*/r1i1p1, 1981, 2011
decadal1980,day,r2i1p1,166.110.5.230, , , /esgdata/CMIP5/output/LASG-CESS/FGOALS-g2//decadal1980/day/atmos/*/r2i1p1, 1980, 2011
decadal1980,day,r3i1p1,166.110.5.230, , , /esgdata/CMIP5/output/LASG-CESS/FGOALS-g2//decadal1980/day/atmos/*/r3i1p1, 1980, 2011
decadal1980,fx,r0i0p0,166.110.5.230, , , /esgdata/CMIP5/output/LASG-CESS/FGOALS-g2//decadal1980/fx/atmos/*/r0i0p0, , 
decadal1980,mon,r1i1p1,166.110.5.230, , , /esgdata/CMIP5/output/LASG-CESS/FGOALS-g2//decadal1980/mon/atmos/*/r1i1p1, 1981, 2010
decadal1980,mon,r2i1p1,166.110.5.230, , , /esgdata/CMIP5/output/LASG-CESS/FGOALS-g2//decadal1980/mon/atmos/*/r2i1p1, 1981, 2010
decadal1980,mon,r3i1p1,166.110.5.230, , , /esgdata/CMIP5/output/LASG-CESS/FGOALS-g2//decadal1980/mon/atmos/*/r3i1p1, 1981, 2010
decadal1985,3hr,r1i1p1,166.110.5.230, , , /esgdata/CMIP5/output/LASG-CESS/FGOALS-g2//decadal1985/3hr/atmos/*/r1i1p1, 1986, 1996
decadal1985,3hr,r2i1p1,166.110.5.230, , , /esgdata/CMIP5/output/LASG-CESS/FGOALS-g2//decadal1985/3hr/atmos/*/r2i1p1, 1985, 1996
decadal1985,3hr,r3i1p1,166.110.5.230, , , /esgdata/CMIP5/output/LASG-CESS/FGOALS-g2//decadal1985/3hr/atmos/*/r3i1p1, 1985, 1996
decadal1985,6hr,r1i1p1,166.110.5.230, , , /esgdata/CMIP5/output/LASG-CESS/FGOALS-g2//decadal1985/6hr/atmos/*/r1i1p1, 1986, 1996
decadal1985,6hr,r2i1p1,166.110.5.230, , , /esgdata/CMIP5/output/LASG-CESS/FGOALS-g2//decadal1985/6hr/atmos/*/r2i1p1, 1985, 1996
decadal1985,6hr,r3i1p1,166.110.5.230, , , /esgdata/CMIP5/output/LASG-CESS/FGOALS-g2//decadal1985/6hr/atmos/*/r3i1p1, 1985, 1996
decadal1985,day,r1i1p1,166.110.5.230, , , /esgdata/CMIP5/output/LASG-CESS/FGOALS-g2//decadal1985/day/atmos/*/r1i1p1, 1986, 1996
decadal1985,day,r2i1p1,166.110.5.230, , , /esgdata/CMIP5/output/LASG-CESS/FGOALS-g2//decadal1985/day/atmos/*/r2i1p1, 1985, 1996
decadal1985,day,r3i1p1,166.110.5.230, , , /esgdata/CMIP5/output/LASG-CESS/FGOALS-g2//decadal1985/day/atmos/*/r3i1p1, 1985, 1996
decadal1985,fx,r0i0p0,166.110.5.230, , , /esgdata/CMIP5/output/LASG-CESS/FGOALS-g2//decadal1985/fx/atmos/*/r0i0p0, , 
decadal1985,mon,r1i1p1,166.110.5.230, , , /esgdata/CMIP5/output/LASG-CESS/FGOALS-g2//decadal1985/mon/atmos/*/r1i1p1, 1986, 1995
decadal1985,mon,r2i1p1,166.110.5.230, , , /esgdata/CMIP5/output/LASG-CESS/FGOALS-g2//decadal1985/mon/atmos/*/r2i1p1, 1986, 1995
decadal1985,mon,r3i1p1,166.110.5.230, , , /esgdata/CMIP5/output/LASG-CESS/FGOALS-g2//decadal1985/mon/atmos/*/r3i1p1, 1986, 1995
decadal1990,3hr,r1i1p1,166.110.5.230, , , /esgdata/CMIP5/output/LASG-CESS/FGOALS-g2//decadal1990/3hr/atmos/*/r1i1p1, 1991, 2001
decadal1990,3hr,r2i1p1,166.110.5.230, , , /esgdata/CMIP5/output/LASG-CESS/FGOALS-g2//decadal1990/3hr/atmos/*/r2i1p1, 1990, 2001
decadal1990,3hr,r3i1p1,166.110.5.230, , , /esgdata/CMIP5/output/LASG-CESS/FGOALS-g2//decadal1990/3hr/atmos/*/r3i1p1, 1990, 2001
decadal1990,6hr,r1i1p1,166.110.5.230, , , /esgdata/CMIP5/output/LASG-CESS/FGOALS-g2//decadal1990/6hr/atmos/*/r1i1p1, 1991, 2001
decadal1990,6hr,r2i1p1,166.110.5.230, , , /esgdata/CMIP5/output/LASG-CESS/FGOALS-g2//decadal1990/6hr/atmos/*/r2i1p1, 1990, 2001
decadal1990,6hr,r3i1p1,166.110.5.230, , , /esgdata/CMIP5/output/LASG-CESS/FGOALS-g2//decadal1990/6hr/atmos/*/r3i1p1, 1990, 2001
decadal1990,day,r1i1p1,166.110.5.230, , , /esgdata/CMIP5/output/LASG-CESS/FGOALS-g2//decadal1990/day/atmos/*/r1i1p1, 1991, 2001
decadal1990,day,r2i1p1,166.110.5.230, , , /esgdata/CMIP5/output/LASG-CESS/FGOALS-g2//decadal1990/day/atmos/*/r2i1p1, 1990, 2001
decadal1990,day,r3i1p1,166.110.5.230, , , /esgdata/CMIP5/output/LASG-CESS/FGOALS-g2//decadal1990/day/atmos/*/r3i1p1, 1990, 2001
decadal1990,fx,r0i0p0,166.110.5.230, , , /esgdata/CMIP5/output/LASG-CESS/FGOALS-g2//decadal1990/fx/atmos/*/r0i0p0, , 
decadal1990,mon,r1i1p1,166.110.5.230, , , /esgdata/CMIP5/output/LASG-CESS/FGOALS-g2//decadal1990/mon/atmos/*/r1i1p1, 1991, 2000
decadal1990,mon,r2i1p1,166.110.5.230, , , /esgdata/CMIP5/output/LASG-CESS/FGOALS-g2//decadal1990/mon/atmos/*/r2i1p1, 1991, 2000
decadal1990,mon,r3i1p1,166.110.5.230, , , /esgdata/CMIP5/output/LASG-CESS/FGOALS-g2//decadal1990/mon/atmos/*/r3i1p1, 1991, 2000
decadal1995,3hr,r1i1p1,166.110.5.230, , , /esgdata/CMIP5/output/LASG-CESS/FGOALS-g2//decadal1995/3hr/atmos/*/r1i1p1, 1996, 2006
decadal1995,3hr,r2i1p1,166.110.5.230, , , /esgdata/CMIP5/output/LASG-CESS/FGOALS-g2//decadal1995/3hr/atmos/*/r2i1p1, 1995, 2006
decadal1995,3hr,r3i1p1,166.110.5.230, , , /esgdata/CMIP5/output/LASG-CESS/FGOALS-g2//decadal1995/3hr/atmos/*/r3i1p1, 1995, 2006
decadal1995,6hr,r1i1p1,166.110.5.230, , , /esgdata/CMIP5/output/LASG-CESS/FGOALS-g2//decadal1995/6hr/atmos/*/r1i1p1, 1996, 2006
decadal1995,6hr,r2i1p1,166.110.5.230, , , /esgdata/CMIP5/output/LASG-CESS/FGOALS-g2//decadal1995/6hr/atmos/*/r2i1p1, 1995, 2006
decadal1995,6hr,r3i1p1,166.110.5.230, , , /esgdata/CMIP5/output/LASG-CESS/FGOALS-g2//decadal1995/6hr/atmos/*/r3i1p1, 1995, 2006
decadal1995,day,r1i1p1,166.110.5.230, , , /esgdata/CMIP5/output/LASG-CESS/FGOALS-g2//decadal1995/day/atmos/*/r1i1p1, 1996, 2006
decadal1995,day,r2i1p1,166.110.5.230, , , /esgdata/CMIP5/output/LASG-CESS/FGOALS-g2//decadal1995/day/atmos/*/r2i1p1, 1995, 2006
decadal1995,day,r3i1p1,166.110.5.230, , , /esgdata/CMIP5/output/LASG-CESS/FGOALS-g2//decadal1995/day/atmos/*/r3i1p1, 1995, 2006
decadal1995,fx,r0i0p0,166.110.5.230, , , /esgdata/CMIP5/output/LASG-CESS/FGOALS-g2//decadal1995/fx/atmos/*/r0i0p0, , 
decadal1995,mon,r1i1p1,166.110.5.230, , , /esgdata/CMIP5/output/LASG-CESS/FGOALS-g2//decadal1995/mon/atmos/*/r1i1p1, 1996, 2005
decadal1995,mon,r2i1p1,166.110.5.230, , , /esgdata/CMIP5/output/LASG-CESS/FGOALS-g2//decadal1995/mon/atmos/*/r2i1p1, 1996, 2005
decadal1995,mon,r3i1p1,166.110.5.230, , , /esgdata/CMIP5/output/LASG-CESS/FGOALS-g2//decadal1995/mon/atmos/*/r3i1p1, 1996, 2005
decadal2000,3hr,r1i1p1,166.110.5.230, , , /esgdata/CMIP5/output/LASG-CESS/FGOALS-g2//decadal2000/3hr/atmos/*/r1i1p1, 2001, 2011
decadal2000,3hr,r2i1p1,166.110.5.230, , , /esgdata/CMIP5/output/LASG-CESS/FGOALS-g2//decadal2000/3hr/atmos/*/r2i1p1, 2000, 2011
decadal2000,3hr,r3i1p1,166.110.5.230, , , /esgdata/CMIP5/output/LASG-CESS/FGOALS-g2//decadal2000/3hr/atmos/*/r3i1p1, 2000, 2011
decadal2000,6hr,r1i1p1,166.110.5.230, , , /esgdata/CMIP5/output/LASG-CESS/FGOALS-g2//decadal2000/6hr/atmos/*/r1i1p1, 2001, 2011
decadal2000,6hr,r2i1p1,166.110.5.230, , , /esgdata/CMIP5/output/LASG-CESS/FGOALS-g2//decadal2000/6hr/atmos/*/r2i1p1, 2000, 2011
decadal2000,6hr,r3i1p1,166.110.5.230, , , /esgdata/CMIP5/output/LASG-CESS/FGOALS-g2//decadal2000/6hr/atmos/*/r3i1p1, 2000, 2011
decadal2000,day,r1i1p1,166.110.5.230, , , /esgdata/CMIP5/output/LASG-CESS/FGOALS-g2//decadal2000/day/atmos/*/r1i1p1, 2001, 2011
decadal2000,day,r2i1p1,166.110.5.230, , , /esgdata/CMIP5/output/LASG-CESS/FGOALS-g2//decadal2000/day/atmos/*/r2i1p1, 2000, 2011
decadal2000,day,r3i1p1,166.110.5.230, , , /esgdata/CMIP5/output/LASG-CESS/FGOALS-g2//decadal2000/day/atmos/*/r3i1p1, 2000, 2011
decadal2000,fx,r0i0p0,166.110.5.230, , , /esgdata/CMIP5/output/LASG-CESS/FGOALS-g2//decadal2000/fx/atmos/*/r0i0p0, , 
decadal2000,mon,r1i1p1,166.110.5.230, , , /esgdata/CMIP5/output/LASG-CESS/FGOALS-g2//decadal2000/mon/atmos/*/r1i1p1, 2001, 2010
decadal2000,mon,r2i1p1,166.110.5.230, , , /esgdata/CMIP5/output/LASG-CESS/FGOALS-g2//decadal2000/mon/atmos/*/r2i1p1, 2001, 2010
decadal2000,mon,r3i1p1,166.110.5.230, , , /esgdata/CMIP5/output/LASG-CESS/FGOALS-g2//decadal2000/mon/atmos/*/r3i1p1, 2001, 2010
decadal2005,3hr,r1i1p1,166.110.5.230, , , /esgdata/CMIP5/output/LASG-CESS/FGOALS-g2//decadal2005/3hr/atmos/*/r1i1p1, 2006, 2036
decadal2005,3hr,r2i1p1,166.110.5.230, , , /esgdata/CMIP5/output/LASG-CESS/FGOALS-g2//decadal2005/3hr/atmos/*/r2i1p1, 2005, 2036
decadal2005,3hr,r3i1p1,166.110.5.230, , , /esgdata/CMIP5/output/LASG-CESS/FGOALS-g2//decadal2005/3hr/atmos/*/r3i1p1, 2005, 2036
decadal2005,6hr,r1i1p1,166.110.5.230, , , /esgdata/CMIP5/output/LASG-CESS/FGOALS-g2//decadal2005/6hr/atmos/*/r1i1p1, 2006, 2036
decadal2005,6hr,r2i1p1,166.110.5.230, , , /esgdata/CMIP5/output/LASG-CESS/FGOALS-g2//decadal2005/6hr/atmos/*/r2i1p1, 2005, 2036
decadal2005,6hr,r3i1p1,166.110.5.230, , , /esgdata/CMIP5/output/LASG-CESS/FGOALS-g2//decadal2005/6hr/atmos/*/r3i1p1, 2005, 2036
decadal2005,day,r1i1p1,166.110.5.230, , , /esgdata/CMIP5/output/LASG-CESS/FGOALS-g2//decadal2005/day/atmos/*/r1i1p1, 2006, 2036
decadal2005,day,r2i1p1,166.110.5.230, , , /esgdata/CMIP5/output/LASG-CESS/FGOALS-g2//decadal2005/day/atmos/*/r2i1p1, 2005, 2036
decadal2005,day,r3i1p1,166.110.5.230, , , /esgdata/CMIP5/output/LASG-CESS/FGOALS-g2//decadal2005/day/atmos/*/r3i1p1, 2005, 2036
decadal2005,fx,r0i0p0,166.110.5.230, , , /esgdata/CMIP5/output/LASG-CESS/FGOALS-g2//decadal2005/fx/atmos/*/r0i0p0, , 
decadal2005,mon,r1i1p1,166.110.5.230, , , /esgdata/CMIP5/output/LASG-CESS/FGOALS-g2//decadal2005/mon/atmos/*/r1i1p1, 2006, 2035
decadal2005,mon,r2i1p1,166.110.5.230, , , /esgdata/CMIP5/output/LASG-CESS/FGOALS-g2//decadal2005/mon/atmos/*/r2i1p1, 2006, 2035
decadal2005,mon,r3i1p1,166.110.5.230, , , /esgdata/CMIP5/output/LASG-CESS/FGOALS-g2//decadal2005/mon/atmos/*/r3i1p1, 2006, 2035
historical,3hr,r1i1p1,166.110.5.230, , , /esgdata/CMIP5/output/LASG-CESS/FGOALS-g2//historical/3hr/atmos/*/r1i1p1, 1950, 2005
historical,3hr,r3i1p1,166.110.5.230, , , /esgdata/CMIP5/output/LASG-CESS/FGOALS-g2//historical/3hr/atmos/*/r3i1p1, 1950, 2005
historical,6hr,r1i1p1,166.110.5.230, , , /esgdata/CMIP5/output/LASG-CESS/FGOALS-g2//historical/6hr/atmos/*/r1i1p1, 1950, 2006
historical,6hr,r3i1p1,166.110.5.230, , , /esgdata/CMIP5/output/LASG-CESS/FGOALS-g2//historical/6hr/atmos/*/r3i1p1, 1950, 2006
historical,day,r1i1p1,166.110.5.230, , , /esgdata/CMIP5/output/LASG-CESS/FGOALS-g2//historical/day/atmos/*/r1i1p1, 1950, 2005
historical,day,r3i1p1,166.110.5.230, , , /esgdata/CMIP5/output/LASG-CESS/FGOALS-g2//historical/day/atmos/*/r3i1p1, 1950, 2005
historical,fx,r0i0p0,166.110.5.230, , , /esgdata/CMIP5/output/LASG-CESS/FGOALS-g2//historical/fx/atmos/*/r0i0p0, , 
historical,mon,r1i1p1,166.110.5.230, , , /esgdata/CMIP5/output/LASG-CESS/FGOALS-g2//historical/mon/atmos/*/r1i1p1, 1850, 2005
historical,mon,r2i1p1,166.110.5.230, , , /esgdata/CMIP5/output/LASG-CESS/FGOALS-g2//historical/mon/atmos/*/r2i1p1, 1900, 2009
historical,mon,r3i1p1,166.110.5.230, , , /esgdata/CMIP5/output/LASG-CESS/FGOALS-g2//historical/mon/atmos/*/r3i1p1, 1850, 2006
historical,mon,r4i1p1,166.110.5.230, , , /esgdata/CMIP5/output/LASG-CESS/FGOALS-g2//historical/mon/atmos/*/r4i1p1, 1850, 2009
historical,mon,r5i1p1,166.110.5.230, , , /esgdata/CMIP5/output/LASG-CESS/FGOALS-g2//historical/mon/atmos/*/r5i1p1, 1850, 2009
historicalGHG,fx,r0i0p0,166.110.5.230, , , /esgdata/CMIP5/output/LASG-CESS/FGOALS-g2//historicalGHG/fx/atmos/*/r0i0p0, , 
historicalGHG,mon,r1i1p1,166.110.5.230, , , /esgdata/CMIP5/output/LASG-CESS/FGOALS-g2//historicalGHG/mon/atmos/*/r1i1p1, 1850, 2009
historicalMisc,fx,r0i0p0,166.110.5.230, , , /esgdata/CMIP5/output/LASG-CESS/FGOALS-g2//historicalMisc/fx/atmos/*/r0i0p0, , 
historicalMisc,mon,r1i1p1,166.110.5.230, , , /esgdata/CMIP5/output/LASG-CESS/FGOALS-g2//historicalMisc/mon/atmos/*/r1i1p1, 1850, 2009
historicalMisc,mon,r2i1p1,166.110.5.230, , , /esgdata/CMIP5/output/LASG-CESS/FGOALS-g2//historicalMisc/mon/atmos/*/r2i1p1, 1850, 2005
historicalNat,fx,r0i0p0,166.110.5.230, , , /esgdata/CMIP5/output/LASG-CESS/FGOALS-g2//historicalNat/fx/atmos/*/r0i0p0, , 
historicalNat,mon,r1i1p1,166.110.5.230, , , /esgdata/CMIP5/output/LASG-CESS/FGOALS-g2//historicalNat/mon/atmos/*/r1i1p1, 1850, 2009
historicalNat,mon,r2i1p1,166.110.5.230, , , /esgdata/CMIP5/output/LASG-CESS/FGOALS-g2//historicalNat/mon/atmos/*/r2i1p1, 1850, 2009
historicalNat,mon,r3i1p1,166.110.5.230, , , /esgdata/CMIP5/output/LASG-CESS/FGOALS-g2//historicalNat/mon/atmos/*/r3i1p1, 1850, 2009
lgm,fx,r0i0p0,166.110.5.230, , , /esgdata/CMIP5/output/LASG-CESS/FGOALS-g2//lgm/fx/atmos/*/r0i0p0, , 
lgm,mon,r1i1p1,166.110.5.230, , , /esgdata/CMIP5/output/LASG-CESS/FGOALS-g2//lgm/mon/atmos/*/r1i1p1, 0550, 0649
midHolocene,3hr,r1i1p1,166.110.5.230, , , /esgdata/CMIP5/output/LASG-CESS/FGOALS-g2//midHolocene/3hr/atmos/*/r1i1p1, 0510, 0541
midHolocene,6hr,r1i1p1,166.110.5.230, , , /esgdata/CMIP5/output/LASG-CESS/FGOALS-g2//midHolocene/6hr/atmos/*/r1i1p1, 0510, 0541
midHolocene,day,r1i1p1,166.110.5.230, , , /esgdata/CMIP5/output/LASG-CESS/FGOALS-g2//midHolocene/day/atmos/*/r1i1p1, 0510, 0541
midHolocene,fx,r0i0p0,166.110.5.230, , , /esgdata/CMIP5/output/LASG-CESS/FGOALS-g2//midHolocene/fx/atmos/*/r0i0p0, , 
midHolocene,mon,r1i1p1,166.110.5.230, , , /esgdata/CMIP5/output/LASG-CESS/FGOALS-g2//midHolocene/mon/atmos/*/r1i1p1, 0340, 1025
piControl,3hr,r1i1p1,166.110.5.230, , , /esgdata/CMIP5/output/LASG-CESS/FGOALS-g2//piControl/3hr/atmos/*/r1i1p1, 0560, 0641
piControl,6hr,r1i1p1,166.110.5.230, , , /esgdata/CMIP5/output/LASG-CESS/FGOALS-g2//piControl/6hr/atmos/*/r1i1p1, 0560, 0641
piControl,day,r1i1p1,166.110.5.230, , , /esgdata/CMIP5/output/LASG-CESS/FGOALS-g2//piControl/day/atmos/*/r1i1p1, 0560, 0641
piControl,fx,r0i0p0,166.110.5.230, , , /esgdata/CMIP5/output/LASG-CESS/FGOALS-g2//piControl/fx/atmos/*/r0i0p0, , 
piControl,mon,r1i1p1,166.110.5.230, , , /esgdata/CMIP5/output/LASG-CESS/FGOALS-g2//piControl/mon/atmos/*/r1i1p1, 0201, 0900
rcp26,3hr,r1i1p1,166.110.5.230, , , /esgdata/CMIP5/output/LASG-CESS/FGOALS-g2//rcp26/3hr/atmos/*/r1i1p1, 2006, 2101
rcp26,6hr,r1i1p1,166.110.5.230, , , /esgdata/CMIP5/output/LASG-CESS/FGOALS-g2//rcp26/6hr/atmos/*/r1i1p1, 2006, 2102
rcp26,day,r1i1p1,166.110.5.230, , , /esgdata/CMIP5/output/LASG-CESS/FGOALS-g2//rcp26/day/atmos/*/r1i1p1, 2006, 2101
rcp26,fx,r0i0p0,166.110.5.230, , , /esgdata/CMIP5/output/LASG-CESS/FGOALS-g2//rcp26/fx/atmos/*/r0i0p0, , 
rcp26,mon,r1i1p1,166.110.5.230, , , /esgdata/CMIP5/output/LASG-CESS/FGOALS-g2//rcp26/mon/atmos/*/r1i1p1, 2006, 2101
rcp45,3hr,r1i1p1,166.110.5.230, , , /esgdata/CMIP5/output/LASG-CESS/FGOALS-g2//rcp45/3hr/atmos/*/r1i1p1, 2006, 2203
rcp45,6hr,r1i1p1,166.110.5.230, , , /esgdata/CMIP5/output/LASG-CESS/FGOALS-g2//rcp45/6hr/atmos/*/r1i1p1, 2006, 2204
rcp45,day,r1i1p1,166.110.5.230, , , /esgdata/CMIP5/output/LASG-CESS/FGOALS-g2//rcp45/day/atmos/*/r1i1p1, 2006, 2203
rcp45,fx,r0i0p0,166.110.5.230, , , /esgdata/CMIP5/output/LASG-CESS/FGOALS-g2//rcp45/fx/atmos/*/r0i0p0, , 
rcp45,mon,r1i1p1,166.110.5.230, , , /esgdata/CMIP5/output/LASG-CESS/FGOALS-g2//rcp45/mon/atmos/*/r1i1p1, 2006, 2275
rcp85,3hr,r1i1p1,166.110.5.230, , , /esgdata/CMIP5/output/LASG-CESS/FGOALS-g2//rcp85/3hr/atmos/*/r1i1p1, 2006, 2101
rcp85,6hr,r1i1p1,166.110.5.230, , , /esgdata/CMIP5/output/LASG-CESS/FGOALS-g2//rcp85/6hr/atmos/*/r1i1p1, 2006, 2102
rcp85,day,r1i1p1,166.110.5.230, , , /esgdata/CMIP5/output/LASG-CESS/FGOALS-g2//rcp85/day/atmos/*/r1i1p1, 2006, 2101
rcp85,fx,r0i0p0,166.110.5.230, , , /esgdata/CMIP5/output/LASG-CESS/FGOALS-g2//rcp85/fx/atmos/*/r0i0p0, , 
rcp85,mon,r1i1p1,166.110.5.230, , , /esgdata/CMIP5/output/LASG-CESS/FGOALS-g2//rcp85/mon/atmos/*/r1i1p1, 2006, 2101
